coupling,potential,interaction_class,sector,matter_source,matter_filename,matter_unit,antimatter_source,antimatter_unit,mean_abs_A,chi2_uniform,dof,p_value_uniform,chi2_weighted,p_value_weighted,dof_effective,p_value_weighted_eff,chi2_weighted_eff,log10_p_value_weighted_eff,z_weighted_eff,autocorr_length,aalpha_ci_low,aalpha_ci_high,mean_sigma_m_pct,mean_sigma_a_pct,chi2_ratio,lambda_min,lambda_max
gAgA,V2,lepton-lepton,ee,Ficek2017,2Ficek_2017_V2_m_abs_ee,m,Karshenboim2011,m,0.9891602308925663,117412.66523102934,300,0.0,34876.746629732166,0.0,21,0.0,2441.3722640812516,-506.8654594734135,48.21422671263357,14.0,0.9886,0.9896,14.9,28.2,0.297,1.9699999999999978e-11,1.934899999999999e-08
gAgA,V2,lepton-lepton,ee,Jiao2019,2Jiao_2019_m_abs_ee,m,Karshenboim2011,m,0.333610119293682,18530.150449297347,300,0.0,1615.92813308824,6.526178499619745e-179,9,2.0790550521193316e-07,48.4778439926472,-6.68213401066127,5.061573210475758,35.0,0.3197,0.3474,26.7,17.2,0.087,3.241800000000006e-09,1.934899999999999e-08
gAgA,V3,lepton-lepton,ee,Ficek2017,3Ficek_2017_2_m_abs_ee,m,Fadeev2022,m,0.9539007381638025,109194.85227850187,300,0.0,75934.34698586809,0.0,6,0.0,1518.6869397173618,-324.31768843255,38.52786217867774,50.0,0.9518,0.9557,15.3,13.6,0.695,2.504900000000005e-12,1.6286999999999995e-05
gAgA,V2,lepton-nucleon,ep,Cong2025,2Cong_2025_m_ep_gAgA_95CL,m,Ficek2018,m,0.9999369710481145,119984.8777544031,300,0.0,18376.08966353218,0.0,21,2.0368771754741534e-259,1286.3262764472527,-258.69103515834496,34.38606367124335,14.0,0.9999,0.9999,14.1,23.3,0.153,2.2211000000000002e-11,1e-08
gAgA,V2,lepton-nucleon,ep,Karshenboim2011,2Karshenboim_2011_1_millionev_abs_ep,m (pre-converted),Ficek2018,m,0.9998265641280847,119958.3829830423,300,0.0,28224.891376826643,0.0,17,0.0,1599.4105113535097,-329.6787120847766,38.84672609169295,18.0,0.9998,0.9998,15.2,21.5,0.235,2.2211000000000002e-11,1.9287000000000012e-08
gAgA,V3,lepton-nucleon,ep,Cong2025,3Cong_2025_m_ep_gAgA_95CL,m,Fadeev2022,m,0.9999652481106455,119991.66035345531,300,0.0,99960.64229215175,0.0,8,0.0,2665.6171277907133,-570.2342747462081,51.149953246924625,40.0,1.0,1.0,14.2,7.2,0.833,2.4393000000000015e-11,1e-08
gAgA,V3,lepton-nucleon,ep,Cong2025,3Cong_2025_m_ep_gAgA_95CL,m,Ficek2018,m,0.9302864674032733,106202.40675774316,300,0.0,60473.78068078081,0.0,6,4.258415702621861e-258,1209.475613615616,-257.37075194540057,34.29761490682399,50.0,0.9292,0.9313,14.0,13.0,0.569,1.953299999999998e-11,1e-08
gAgA,V3,lepton-nucleon,ep,Fadeev2022,3Fadeev_2022_5_m_abs_ep,m,Fadeev2022,m,0.8044407726873798,87255.0583902177,300,0.0,73630.55631277201,0.0,8,0.0,1963.4815016739203,-418.1654237531529,43.77585930499664,38.0,0.8024,0.8063,7.4,7.1,0.844,2.4393000000000015e-11,1.3000000000000006e-08
gAgA,V3,lepton-nucleon,ep,Fadeev2022,3Fadeev_2022_5_m_abs_ep,m,Ficek2018,m,0.8236497255081053,89795.5326648432,300,0.0,71333.51094111234,0.0,6,0.0,1426.6702188222466,-304.3907269174167,37.31879949183522,50.0,0.8168,0.8299,7.4,12.7,0.794,1.953299999999998e-11,1.3000000000000006e-08
gVgV,V3,lepton-lepton,ee,Fadeev2022,3Fadeev_2022_4_m_abs_ee,m,Fadeev2022,m,0.9535279241937363,109110.0020337801,300,0.0,70496.4762082055,0.0,6,1.714868469370095e-301,1409.9295241641098,-300.7657691847858,37.09462604053426,50.0,0.9516,0.9552,14.2,14.8,0.646,2.504900000000005e-12,1.572299999999999e-06
gVgV,V3,lepton-nucleon,ep,Fadeev2022,3Fadeev_2022_5_m_abs_ep,m,Ficek2018,m,0.7993937780888329,86062.27516914396,300,0.0,45062.05992778412,0.0,7,9.190481158119433e-223,1051.4480649816294,-222.036661750981,31.839525010887712,41.0,0.7971,0.8015,7.4,12.7,0.524,1.953299999999998e-11,1.3000000000000006e-08
gpgp,V3,lepton-lepton,ee,Fadeev2022,3Fadeev_2022_4_m_abs_ee,m,Fadeev2022,m,0.9535279241937363,109110.0020337801,300,0.0,70496.4762082055,0.0,6,1.714868469370095e-301,1409.9295241641098,-300.7657691847858,37.09462604053426,50.0,0.9516,0.9552,14.2,14.8,0.646,2.504900000000005e-12,1.572299999999999e-06
gpgp,V3,lepton-nucleon,ep,Cong2025,3Cong_2025_m_ep_gpgp_95CL,m,Ficek2018,m,0.9303661968839306,106215.24439978955,300,0.0,60500.87269531634,0.0,6,3.25070324320774e-258,1210.0174539063269,-257.48802267545,34.305480351351285,50.0,0.9293,0.9314,14.0,13.0,0.57,1.953299999999998e-11,1e-08
gpgp,V3,lepton-nucleon,ep,Fadeev2022,3Fadeev_2022_5_m_abs_ep,m,Ficek2018,m,0.7993937780888329,86062.27516914396,300,0.0,45062.05992778412,0.0,7,9.190481158119433e-223,1051.4480649816294,-222.036661750981,31.839525010887712,41.0,0.7971,0.8015,7.4,12.7,0.524,1.953299999999998e-11,1.3000000000000006e-08
gsgs,V1,lepton-lepton,ee,Delaunay2017,V1_Delaunay_2017,m,Adkins2022,m,0.872739175879262,93298.8309094958,300,0.0,10771.608841032114,0.0,21,5.014976229268445e-146,754.012618872248,-145.29973112117236,25.705945864592156,14.0,0.8686,0.877,9.1,25.5,0.115,8.169088639710334e-13,1.8791754863538674e-09
