filepath,filename,coupling,interaction_class,potential,source,sector,contains_antimatter,label,scale_regime,normalisation,excluded_reason,excluded
spindep/datasets/normalized/V1/V1_alpha_data/Alighanbari_2020.csv,Alighanbari_2020,V1,V1_alpha_data,V1,Alighanbari2020,ep,False,Alighanbari2020 (e-p),microscopic,alpha,,False
spindep/datasets/normalized/V1/V1_alpha_data/Bordag_2001.csv,Bordag_2001,V1,V1_alpha_data,V1,Bordag2001,ee,False,Bordag2001 (e⁻-e⁻),microscopic,alpha,,False
spindep/datasets/normalized/V1/V1_alpha_data/Chen_2016.csv,Chen_2016,V1,V1_alpha_data,V1,Chen2016,ee,False,Chen2016 (e⁻-e⁻),microscopic,alpha,,False
spindep/datasets/normalized/V1/V1_alpha_data/Colliders.csv,Colliders,V1,V1_alpha_data,V1,Colliders,ee,False,Colliders (e⁻-e⁻),microscopic,alpha,,False
spindep/datasets/normalized/V1/V1_alpha_data/Hoskins_1985.csv,Hoskins_1985,V1,V1_alpha_data,V1,Hoskins1985,nn,False,Hoskins1985 (n-n),macroscopic,alpha,,False
spindep/datasets/normalized/V1/V1_alpha_data/Kapner_2007.csv,Kapner_2007,V1,V1_alpha_data,V1,Kapner2007,ee,False,Kapner2007 (e⁻-e⁻),macroscopic,alpha,,False
spindep/datasets/normalized/V1/V1_alpha_data/Lee_2020.csv,Lee_2020,V1,V1_alpha_data,V1,Lee2020,nn,False,Lee2020 (n-n),macroscopic,alpha,,False
spindep/datasets/normalized/V1/V1_alpha_data/Salumbides_antipHe_2014.csv,Salumbides_antipHe_2014,V1,V1_alpha_data,V1,Salumbides2014,antipHe,True,Salumbides2014 (p̄-He),microscopic,alpha,,False
spindep/datasets/normalized/V1/V1_alpha_data/Salumbides_ddmu_2014.csv,Salumbides_ddmu_2014,V1,V1_alpha_data,V1,Salumbides2014,ddmu,True,Salumbides2014 (dd-μ),microscopic,alpha,,False
spindep/datasets/normalized/V1/V1_alpha_data/Tan_2020.csv,Tan_2020,V1,V1_alpha_data,V1,Tan2020,ee,False,Tan2020 (e⁻-e⁻),macroscopic,alpha,,False
spindep/datasets/normalized/V1/V1_alpha_data/neutron_scattering.csv,neutron_scattering,V1,V1_alpha_data,V1,neutron,nn,False,neutron (n-n),microscopic,alpha,,False
spindep/datasets/normalized/gAgA/nucleon-nucleon/1aNNastro_m_abs.csv,1aNNastro_m_abs,gAgA,nucleon-nucleon,V1a,NNastro,NNastro,False,NNastro (N-N (astro)),macroscopic,g,,False
spindep/datasets/normalized/gAgA/lepton-nucleon/electron-neutron/1a_eNastro_m_abs.csv,1a_eNastro_m_abs,gAgA,lepton-nucleon,V1a,eNastro,eNastro,False,eNastro (e-N (astro)),macroscopic,g,,False
spindep/datasets/normalized/gAgA/lepton-nucleon/electron-proton_or_antiproton/1a_eNastro_m_abs.csv,1a_eNastro_m_abs,gAgA,lepton-nucleon,V1a,eNastro,eNastro,False,eNastro (e-N (astro)),macroscopic,g,,False
spindep/datasets/normalized/gAgA/lepton-lepton/1a_eeastro_m_abs.csv,1a_eeastro_m_abs,gAgA,lepton-lepton,V1a,eeastro,eastro,False,eeastro (e (astro)),macroscopic,g,,False
spindep/datasets/normalized/gAgA/lepton-lepton/2Almasi2020_m_abs_ee.csv,2Almasi2020_m_abs_ee,gAgA,lepton-lepton,V2,Almasi2020,ee,False,Almasi2020 (e⁻-e⁻),macroscopic,g,,False
spindep/datasets/normalized/gAgA/lepton-nucleon/electron-neutron/2Almasi_2020_m_abs_en.csv,2Almasi_2020_m_abs_en,gAgA,lepton-nucleon,V2,Almasi2020,en,False,Almasi2020 (e-n),macroscopic,g,,False
spindep/datasets/normalized/gAgA/lepton-nucleon/electron-proton_or_antiproton/2Cong_2025_m_ep_gAgA_95CL.csv,2Cong_2025_m_ep_gAgA_95CL,gAgA,lepton-nucleon,V2,Cong2025,ep,False,Cong2025 (e-p),microscopic,g,,False
spindep/datasets/normalized/gAgA/lepton-lepton/2Ficek_2017_V2_m_abs_ee.csv,2Ficek_2017_V2_m_abs_ee,gAgA,lepton-lepton,V2,Ficek2017,ee,False,Ficek2017 (e⁻-e⁻),microscopic,g,,False
spindep/datasets/normalized/gAgA/lepton-nucleon/electron-proton_or_antiproton/2Ficek_2018_V2_m_abs_epbar.csv,2Ficek_2018_V2_m_abs_epbar,gAgA,lepton-nucleon,V2,Ficek2018,epbar,True,Ficek2018 (e-p̄),microscopic,g,,False
spindep/datasets/normalized/gAgA/lepton-lepton/2Heckel_2013_m_abs_ee.csv,2Heckel_2013_m_abs_ee,gAgA,lepton-lepton,V2,Heckel2013,ee,False,Heckel2013 (e⁻-e⁻),macroscopic,g,,False
spindep/datasets/normalized/gAgA/lepton-nucleon/electron-proton_or_antiproton/2Hunter_2013_1_m_abs_ep.csv,2Hunter_2013_1_m_abs_ep,gAgA,lepton-nucleon,V2,Hunter2013,ep,False,Hunter2013 (e-p),macroscopic,g,,False
spindep/datasets/normalized/gAgA/lepton-lepton/2Hunter_2013_2_m_abs_ee.csv,2Hunter_2013_2_m_abs_ee,gAgA,lepton-lepton,V2,Hunter2013,ee,False,Hunter2013 (e⁻-e⁻),macroscopic,g,,False
spindep/datasets/normalized/gAgA/lepton-nucleon/electron-neutron/2Hunter_2013_3_m_abs_en.csv,2Hunter_2013_3_m_abs_en,gAgA,lepton-nucleon,V2,Hunter2013,en,False,Hunter2013 (e-n),macroscopic,g,,False
spindep/datasets/normalized/gAgA/lepton-lepton/2Jiao_2019_m_abs_ee.csv,2Jiao_2019_m_abs_ee,gAgA,lepton-lepton,V2,Jiao2019,ee,False,Jiao2019 (e⁻-e⁻),microscopic,g,,False
spindep/datasets/normalized/gAgA/lepton-nucleon/electron-proton_or_antiproton/2Karshenboim_2011_1_millionev_abs_ep.csv,2Karshenboim_2011_1_millionev_abs_ep,gAgA,lepton-nucleon,V2,Karshenboim2011,ep,False,Karshenboim2011 (e-p),microscopic,g,,False
spindep/datasets/normalized/gAgA/lepton-nucleon/electron-neutron/2Karshenboim_2011_2_millionev_abs_en.csv,2Karshenboim_2011_2_millionev_abs_en,gAgA,lepton-nucleon,V2,Karshenboim2011,en,False,Karshenboim2011 (e-n),microscopic,g,,False
spindep/datasets/normalized/gAgA/lepton-lepton/2Karshenboim_2011_3_m_abs_eebar.csv,2Karshenboim_2011_3_m_abs_eebar,gAgA,lepton-lepton,V2,Karshenboim2011,eebar,True,Karshenboim2011 (e⁻-e⁺),microscopic,g,,False
spindep/datasets/normalized/gAgA/lepton-lepton/2Karshenboim_2011_4_m_abs_emu.csv,2Karshenboim_2011_4_m_abs_emu,gAgA,lepton-lepton,V2,Karshenboim2011,emubar,True,Karshenboim2011 (e-μ̄),microscopic,g,,False
spindep/datasets/normalized/gAgA/nucleon-nucleon/2Kimball_2010_m_abs_np.csv,2Kimball_2010_m_abs_np,gAgA,nucleon-nucleon,V2,Kimball2010,np,False,Kimball2010 (n-p),microscopic,g,,False
spindep/datasets/normalized/gAgA/lepton-lepton/2Kotler_2015_m_abs_ee.csv,2Kotler_2015_m_abs_ee,gAgA,lepton-lepton,V2,Kotler2015,ee,False,Kotler2015 (e⁻-e⁻),macroscopic,g,,False
spindep/datasets/normalized/gAgA/nucleon-nucleon/2Ledbetter_2013_m_abs_pN.csv,2Ledbetter_2013_m_abs_pN,gAgA,nucleon-nucleon,V2,Ledbetter2013,pN,False,Ledbetter2013 (p-N),microscopic,g,,False
spindep/datasets/normalized/gAgA/lepton-lepton/2Ritter_1990_m_abs_ee.csv,2Ritter_1990_m_abs_ee,gAgA,lepton-lepton,V2,Ritter1990,ee,False,Ritter1990 (e⁻-e⁻),macroscopic,g,,False
spindep/datasets/normalized/gAgA/lepton-lepton/2Rong_2018_m_abs_ee.csv,2Rong_2018_m_abs_ee,gAgA,lepton-lepton,V2,Rong2018,ee,False,Rong2018 (e⁻-e⁻),macroscopic,g,,False
spindep/datasets/normalized/gAgA/nucleon-nucleon/2Vasilakis_2009_1_m_abs_ee.csv,2Vasilakis_2009_1_m_abs_ee,gAgA,nucleon-nucleon,V2,Vasilakis2009,ee,False,Vasilakis2009 (e⁻-e⁻),macroscopic,g,,False
spindep/datasets/normalized/gAgA/lepton-nucleon/electron-proton_or_antiproton/23Cong_2025_m_ep_gAgA_95CL.csv,23Cong_2025_m_ep_gAgA_95CL,gAgA,lepton-nucleon,V2+3,Cong2025,ep,False,Cong2025 (e-p),microscopic,g,,False
spindep/datasets/normalized/gAgA/lepton-nucleon/electron-neutron/3Almasi_2020_m_abs_en.csv,3Almasi_2020_m_abs_en,gAgA,lepton-nucleon,V3,Almasi2020,en,False,Almasi2020 (e-n),macroscopic,g,,False
spindep/datasets/normalized/gAgA/lepton-nucleon/electron-proton_or_antiproton/3Cong_2025_m_ep_gAgA_95CL.csv,3Cong_2025_m_ep_gAgA_95CL,gAgA,lepton-nucleon,V3,Cong2025,ep,False,Cong2025 (e-p),microscopic,g,,False
spindep/datasets/normalized/gAgA/lepton-nucleon/electron-proton_or_antiproton/3Fadeev_2022_1_m_abs_ebarpabr.csv,3Fadeev_2022_1_m_abs_ebarpabr,gAgA,lepton-nucleon,V3,Fadeev2022,epbar,True,Fadeev2022 (e-p̄),microscopic,g,,False
spindep/datasets/normalized/gAgA/lepton-lepton/3Fadeev_2022_2_m_abs_ebare.csv,3Fadeev_2022_2_m_abs_ebare,gAgA,lepton-lepton,V3,Fadeev2022,eebar,True,Fadeev2022 (e⁻-e⁺),microscopic,g,,False
spindep/datasets/normalized/gAgA/lepton-lepton/3Fadeev_2022_3_m_abs_emubar.csv,3Fadeev_2022_3_m_abs_emubar,gAgA,lepton-lepton,V3,Fadeev2022,emubar,True,Fadeev2022 (e-μ̄),microscopic,g,,False
spindep/datasets/normalized/gAgA/lepton-nucleon/electron-proton_or_antiproton/3Fadeev_2022_5_m_abs_ep.csv,3Fadeev_2022_5_m_abs_ep,gAgA,lepton-nucleon,V3,Fadeev2022,ep,False,Fadeev2022 (e-p),microscopic,g,,False
spindep/datasets/normalized/gAgA/lepton-lepton/3Ficek_2017_2_m_abs_ee.csv,3Ficek_2017_2_m_abs_ee,gAgA,lepton-lepton,V3,Ficek2017,ee,False,Ficek2017 (e⁻-e⁻),microscopic,g,,False
spindep/datasets/normalized/gAgA/lepton-nucleon/electron-proton_or_antiproton/3Ficek_2018_m_abs_epbar.csv,3Ficek_2018_m_abs_epbar,gAgA,lepton-nucleon,V3,Ficek2018,epbar,True,Ficek2018 (e-p̄),microscopic,g,,False
spindep/datasets/normalized/gAgA/nucleon-nucleon/3Kimball_2010_m_abs_np.csv,3Kimball_2010_m_abs_np,gAgA,nucleon-nucleon,V3,Kimball2010,np,False,Kimball2010 (n-p),microscopic,g,,False
spindep/datasets/normalized/gAgA/nucleon-nucleon/3Ledbetter_2013_m_abs_pN.csv,3Ledbetter_2013_m_abs_pN,gAgA,nucleon-nucleon,V3,Ledbetter2013,pN,False,Ledbetter2013 (p-N),microscopic,g,,False
spindep/datasets/normalized/gAgA/nucleon-nucleon/3Ramsey_1979_m_abs_np.csv,3Ramsey_1979_m_abs_np,gAgA,nucleon-nucleon,V3,Ramsey1979,np,False,Ramsey1979 (n-p),macroscopic,g,,False
spindep/datasets/normalized/gAgA/lepton-lepton/3Terrano_2015_m_abs_ee.csv,3Terrano_2015_m_abs_ee,gAgA,lepton-lepton,V3,Terrano2015,ee,False,Terrano2015 (e⁻-e⁻),macroscopic,g,,False
spindep/datasets/normalized/gAgA/nucleon-nucleon/3Vasilakis_2009_m_abs_nn.csv,3Vasilakis_2009_m_abs_nn,gAgA,nucleon-nucleon,V3,Vasilakis2009,nn,False,Vasilakis2009 (n-n),macroscopic,g,,False
spindep/datasets/normalized/gAgA/lepton-nucleon/electron-neutron/3Wang_2022_m_abs_en.csv,3Wang_2022_m_abs_en,gAgA,lepton-nucleon,V3,Wang2022,en,False,Wang2022 (e-n),macroscopic,g,,False
spindep/datasets/normalized/gAgA/nucleon-nucleon/451_Wu_2023_m_abs_nN.csv,451_Wu_2023_m_abs_nN,gAgA,nucleon-nucleon,V4+5,Wu2023,nN,False,Wu2023 (n-N),macroscopic,g,,False
spindep/datasets/normalized/gAgA/lepton-nucleon/electron-Nucleon/45Clayburn_2023a_m_abs_eN.csv,45Clayburn_2023a_m_abs_eN,gAgA,lepton-nucleon,V4+5,Clayburn2023a,eN,False,Clayburn2023a (e-N),macroscopic,g,,False
spindep/datasets/normalized/gAgA/nucleon-nucleon/45Clayburn_2023b_m_abs_nN.csv,45Clayburn_2023b_m_abs_nN,gAgA,nucleon-nucleon,V4+5,Clayburn2023b,nN,False,Clayburn2023b (n-N),macroscopic,g,,False
spindep/datasets/normalized/gAgA/nucleon-nucleon/45Clayburn_2023c_m_abs_pN.csv,45Clayburn_2023c_m_abs_pN,gAgA,nucleon-nucleon,V4+5,Clayburn2023c,pN,False,Clayburn2023c (p-N),macroscopic,g,,False
spindep/datasets/normalized/gAgA/lepton-nucleon/electron-Nucleon/45DG Wu_2023_m_abs_eN.csv,45DG Wu_2023_m_abs_eN,gAgA,lepton-nucleon,V4+5,DG Wu2023,eN,False,DG Wu2023 (e-N),macroscopic,g,,False
spindep/datasets/normalized/gAgA/lepton-nucleon/electron-Nucleon/45Ding_2020_m_abs_eN.csv,45Ding_2020_m_abs_eN,gAgA,lepton-nucleon,V4+5,Ding2020,eN,False,Ding2020 (e-N),macroscopic,g,,False
spindep/datasets/normalized/gAgA/lepton-lepton/45Ficek_2017_V4+5_m_abs_ee.csv,45Ficek_2017_V4+5_m_abs_ee,gAgA,lepton-lepton,V4+5,Ficek2017,ee,False,Ficek2017 (e⁻-e⁻),microscopic,g,,False
spindep/datasets/normalized/gAgA/lepton-nucleon/electron-proton_or_antiproton/45Ficek_2018_m_V4+5_abs_epbar.csv,45Ficek_2018_m_V4+5_abs_epbar,gAgA,lepton-nucleon,V4+5,Ficek2018,epbar,True,Ficek2018 (e-p̄),microscopic,g,,False
spindep/datasets/normalized/gAgA/nucleon-nucleon/45Haddock_2018a_m_abs_nN.csv,45Haddock_2018a_m_abs_nN,gAgA,nucleon-nucleon,V4+5,Haddock2018a,nN,False,Haddock2018a (n-N),macroscopic,g,,False
spindep/datasets/normalized/gAgA/nucleon-nucleon/45Haddock_2018b_m_abs_nN.csv,45Haddock_2018b_m_abs_nN,gAgA,nucleon-nucleon,V4+5,Haddock2018b,nN,False,Haddock2018b (n-N),macroscopic,g,,False
spindep/datasets/normalized/gAgA/lepton-nucleon/electron-Nucleon/45Heckel_2008_m_abs_eN.csv,45Heckel_2008_m_abs_eN,gAgA,lepton-nucleon,V4+5,Heckel2008,eN,False,Heckel2008 (e-N),macroscopic,g,,False
spindep/datasets/normalized/gAgA/lepton-nucleon/electron-Nucleon/45Kim_2018_m_abs_eN.csv,45Kim_2018_m_abs_eN,gAgA,lepton-nucleon,V4+5,Kim2018,eN,False,Kim2018 (e-N),macroscopic,g,,False
spindep/datasets/normalized/gAgA/lepton-nucleon/electron-Nucleon/45LH Wu_2023_m_abs_eN.csv,45LH Wu_2023_m_abs_eN,gAgA,lepton-nucleon,V4+5,LH Wu2023,eN,False,LH Wu2023 (e-N),microscopic,g,,False
spindep/datasets/normalized/gAgA/nucleon-nucleon/45Parnell_2020_m_abs_nN.csv,45Parnell_2020_m_abs_nN,gAgA,nucleon-nucleon,V4+5,Parnell2020,nN,False,Parnell2020 (n-N),macroscopic,g,,False
spindep/datasets/normalized/gAgA/nucleon-nucleon/45Su_2021b_m_abs_NN.csv,45Su_2021b_m_abs_NN,gAgA,nucleon-nucleon,V4+5,Su2021b,nN,False,Su2021b (n-N),macroscopic,g,,False
spindep/datasets/normalized/gAgA/nucleon-nucleon/45Voronin_2020_m_abs_NN.csv,45Voronin_2020_m_abs_NN,gAgA,nucleon-nucleon,V4+5,Voronin2020,nN,False,Voronin2020 (n-N),microscopic,g,,False
spindep/datasets/normalized/gAgA/lepton-nucleon/electron-Nucleon/45Wei Xiao_2024_m_abs_eN.csv,45Wei Xiao_2024_m_abs_eN,gAgA,lepton-nucleon,V4+5,Wei Xiao2024,eN,False,Wei Xiao2024 (e-N),macroscopic,g,,False
spindep/datasets/normalized/gAgA/nucleon-nucleon/45Wei_2022a_m_abs_nN.csv,45Wei_2022a_m_abs_nN,gAgA,nucleon-nucleon,V4+5,Wei2022a,nN,False,Wei2022a (n-N),macroscopic,g,,False
spindep/datasets/normalized/gAgA/nucleon-nucleon/45Wei_2022b_m_abs_pN.csv,45Wei_2022b_m_abs_pN,gAgA,nucleon-nucleon,V4+5,Wei2022b,pN,False,Wei2022b (p-N),macroscopic,g,,False
spindep/datasets/normalized/gAgA/lepton-nucleon/electron-Nucleon/45Wu_2021_m_abs_eN.csv,45Wu_2021_m_abs_eN,gAgA,lepton-nucleon,V4+5,Wu2021,eN,False,Wu2021 (e-N),macroscopic,g,,False
spindep/datasets/normalized/gAgA/lepton-nucleon/electron-Nucleon/45Xiao_2023_m_abs_eN.csv,45Xiao_2023_m_abs_eN,gAgA,lepton-nucleon,V4+5,Xiao2023,eN,False,Xiao2023 (e-N),macroscopic,g,,False
spindep/datasets/normalized/gAgA/lepton-nucleon/electron-proton_or_antiproton/8Ficek_2018_m_abs_epbar.csv,8Ficek_2018_m_abs_epbar,gAgA,lepton-nucleon,V8,Ficek2018,epbar,True,Ficek2018 (e-p̄),microscopic,g,,False
spindep/datasets/normalized/gAgA/lepton-nucleon/electron-proton_or_antiproton/8Hunter_2014_1_m_abs_ep.csv,8Hunter_2014_1_m_abs_ep,gAgA,lepton-nucleon,V8,Hunter2014,ep,False,Hunter2014 (e-p),macroscopic,g,,False
spindep/datasets/normalized/gAgA/lepton-lepton/8Hunter_2014_2_m_abs_ee.csv,8Hunter_2014_2_m_abs_ee,gAgA,lepton-lepton,V8,Hunter2014,ee,False,Hunter2014 (e⁻-e⁻),macroscopic,g,,False
spindep/datasets/normalized/gAgA/lepton-nucleon/electron-neutron/8Hunter_2014_3_m_abs_en.csv,8Hunter_2014_3_m_abs_en,gAgA,lepton-nucleon,V8,Hunter2014,en,False,Hunter2014 (e-n),macroscopic,g,,False
spindep/datasets/normalized/gAgA/lepton-lepton/8Ji_2018_m_abs_ee.csv,8Ji_2018_m_abs_ee,gAgA,lepton-lepton,V8,Ji2018,ee,False,Ji2018 (e⁻-e⁻),macroscopic,g,,False
spindep/datasets/normalized/gAgA/nucleon-nucleon/8Kimball_2010_m_abs_np.csv,8Kimball_2010_m_abs_np,gAgA,nucleon-nucleon,V8,Kimball2010,np,False,Kimball2010 (n-p),microscopic,g,,False
spindep/datasets/normalized/gAgV/lepton-lepton/V11_Heckel_2013_e-e.csv,V11_Heckel_2013_e-e,gAgV,lepton-lepton,V11,Heckel2013,ee,False,Heckel2013 (e⁻-e⁻),macroscopic,g,,False
spindep/datasets/normalized/gAgV/lepton-lepton/V11_Hunter_2013_e-e.csv,V11_Hunter_2013_e-e,gAgV,lepton-lepton,V11,Hunter2013,ee,False,Hunter2013 (e⁻-e⁻),macroscopic,g,,False
spindep/datasets/normalized/gAgV/lepton-nucleon/V11_Hunter_2013_e-n.csv,V11_Hunter_2013_e-n,gAgV,lepton-nucleon,V11,Hunter2013,en,False,Hunter2013 (e-n),macroscopic,g,,False
spindep/datasets/normalized/gAgV/lepton-nucleon/V11_Hunter_2013_e-p.csv,V11_Hunter_2013_e-p,gAgV,lepton-nucleon,V11,Hunter2013,ep,False,Hunter2013 (e-p),macroscopic,g,,False
spindep/datasets/normalized/gAgV/nucleon-nucleon/V11_Vasilakis_2009_n-n.csv,V11_Vasilakis_2009_n-n,gAgV,nucleon-nucleon,V11,Vasilakis2009,nn,False,Vasilakis2009 (n-n),macroscopic,g,,False
spindep/datasets/normalized/gAgV/lepton-nucleon/V11_Wang_2023_e-n.csv,V11_Wang_2023_e-n,gAgV,lepton-nucleon,V11,Wang2023,en,False,Wang2023 (e-n),macroscopic,g,,False
spindep/datasets/normalized/gAgV/nucleon-nucleon/V11_Wang_2023_n-p.csv,V11_Wang_2023_n-p,gAgV,nucleon-nucleon,V11,Wang2023,np,False,Wang2023 (n-p),macroscopic,g,,False
spindep/datasets/normalized/gAgV/lepton-nucleon/V1213_Antypas_2019_e-n.csv,V1213_Antypas_2019_e-n,gAgV,lepton-nucleon,V12+13,Antypas2019,en,False,Antypas2019 (e-n),microscopic,g,,False
spindep/datasets/normalized/gAgV/lepton-nucleon/V1213_Antypas_2019_e-p.csv,V1213_Antypas_2019_e-p,gAgV,lepton-nucleon,V12+13,Antypas2019,ep,False,Antypas2019 (e-p),microscopic,g,,False
spindep/datasets/normalized/gAgV/lepton-nucleon/V1213_Clayburn_2023_e-N.csv,V1213_Clayburn_2023_e-N,gAgV,lepton-nucleon,V12+13,Clayburn2023,eN,False,Clayburn2023 (e-N),macroscopic,g,,False
spindep/datasets/normalized/gAgV/nucleon-nucleon/V1213_Clayburn_2023_n-N.csv,V1213_Clayburn_2023_n-N,gAgV,nucleon-nucleon,V12+13,Clayburn2023,nN,False,Clayburn2023 (n-N),macroscopic,g,,False
spindep/datasets/normalized/gAgV/nucleon-nucleon/V1213_Clayburn_2023_p-N.csv,V1213_Clayburn_2023_p-N,gAgV,nucleon-nucleon,V12+13,Clayburn2023,pN,False,Clayburn2023 (p-N),macroscopic,g,,False
spindep/datasets/normalized/gAgV/lepton-nucleon/V1213_Dzuba_2017_e-N.csv,V1213_Dzuba_2017_e-N,gAgV,lepton-nucleon,V12+13,Dzuba2017,eN,False,Dzuba2017 (e-N),macroscopic,g,,False
spindep/datasets/normalized/gAgV/lepton-nucleon/V1213_Heckel_2008_e-N.csv,V1213_Heckel_2008_e-N,gAgV,lepton-nucleon,V12+13,Heckel2008,eN,False,Heckel2008 (e-N),macroscopic,g,,False
spindep/datasets/normalized/gAgV/lepton-nucleon/V1213_Jiao_2021_e-N.csv,V1213_Jiao_2021_e-N,gAgV,lepton-nucleon,V12+13,Jiao2021,eN,False,Jiao2021 (e-N),macroscopic,g,,False
spindep/datasets/normalized/gAgV/lepton-nucleon/V1213_Kim_2019_e-N.csv,V1213_Kim_2019_e-N,gAgV,lepton-nucleon,V12+13,Kim2019,eN,False,Kim2019 (e-N),macroscopic,g,,False
spindep/datasets/normalized/gAgV/lepton-nucleon/V1213_Liang_2022_e-N.csv,V1213_Liang_2022_e-N,gAgV,lepton-nucleon,V12+13,Liang2022,eN,False,Liang2022 (e-N),macroscopic,g,,False
spindep/datasets/normalized/gAgV/nucleon-nucleon/V1213_Shu_2024_p-N.csv,V1213_Shu_2024_p-N,gAgV,nucleon-nucleon,V12+13,Shu2024,pN,False,Shu2024 (p-N),macroscopic,g,,False
spindep/datasets/normalized/gAgV/nucleon-nucleon/V1213_Su_2021_n-N.csv,V1213_Su_2021_n-N,gAgV,nucleon-nucleon,V12+13,Su2021,nN,False,Su2021 (n-N),macroscopic,g,,False
spindep/datasets/normalized/gAgV/lepton-nucleon/V1213_Wu_2022_e-N.csv,V1213_Wu_2022_e-N,gAgV,lepton-nucleon,V12+13,Wu2022,eN,False,Wu2022 (e-N),macroscopic,g,,False
spindep/datasets/normalized/gAgV/nucleon-nucleon/V1213_Wu_2023_n-N.csv,V1213_Wu_2023_n-N,gAgV,nucleon-nucleon,V12+13,Wu2023,nN,False,Wu2023 (n-N),macroscopic,g,,False
spindep/datasets/normalized/gAgV/nucleon-nucleon/V1213_Yan_2013_n-N.csv,V1213_Yan_2013_n-N,gAgV,nucleon-nucleon,V12+13,Yan2013,nN,False,Yan2013 (n-N),macroscopic,g,,False
spindep/datasets/normalized/gAgV/nucleon-nucleon/V1213_Yan_2015_n-N.csv,V1213_Yan_2015_n-N,gAgV,nucleon-nucleon,V12+13,Yan2015,nN,False,Yan2015 (n-N),macroscopic,g,,False
spindep/datasets/normalized/gAgV/lepton-nucleon/V16_Hunter_2014_e-n.csv,V16_Hunter_2014_e-n,gAgV,lepton-nucleon,V16,Hunter2014,en,False,Hunter2014 (e-n),macroscopic,g,,False
spindep/datasets/normalized/gAgV/lepton-nucleon/V16_Hunter_2014_e-p.csv,V16_Hunter_2014_e-p,gAgV,lepton-nucleon,V16,Hunter2014,ep,False,Hunter2014 (e-p),macroscopic,g,,False
spindep/datasets/normalized/gVgV/gV_squareV1bounds/V1_gsN_Casimir.csv,V1_gsN_Casimir,gVgV,gV_squareV1bounds,V1,Casimir,nN,False,Casimir (n-N),microscopic,g,,False
spindep/datasets/normalized/gVgV/gV_squareV1bounds/V1_gsN_EEP.csv,V1_gsN_EEP,gVgV,gV_squareV1bounds,V1,EEP,nN,False,EEP (n-N),macroscopic,g,,False
spindep/datasets/normalized/gVgV/gV_squareV1bounds/V1_gsN_MS.csv,V1_gsN_MS,gVgV,gV_squareV1bounds,V1,MS,nN,False,MS (n-N),microscopic,g,,False
spindep/datasets/normalized/gVgV/gV_squareV1bounds/V1_gsN_Torsion.csv,V1_gsN_Torsion,gVgV,gV_squareV1bounds,V1,Torsion,nN,False,Torsion (n-N),macroscopic,g,,False
spindep/datasets/normalized/gVgV/gV_squareV1bounds/V1_gse_Casimir.csv,V1_gse_Casimir,gVgV,gV_squareV1bounds,V1,Casimir,ee,False,Casimir (e⁻-e⁻),microscopic,g,,False
spindep/datasets/normalized/gVgV/gV_squareV1bounds/V1_gse_EEP.csv,V1_gse_EEP,gVgV,gV_squareV1bounds,V1,EEP,ee,False,EEP (e⁻-e⁻),macroscopic,g,,False
spindep/datasets/normalized/gVgV/gV_squareV1bounds/V1_gse_EMM.csv,V1_gse_EMM,gVgV,gV_squareV1bounds,V1,EMM,ee,False,EMM (e⁻-e⁻),microscopic,g,,False
spindep/datasets/normalized/gVgV/gV_squareV1bounds/V1_gse_Torsion.csv,V1_gse_Torsion,gVgV,gV_squareV1bounds,V1,Torsion,ee,False,Torsion (e⁻-e⁻),macroscopic,g,,False
spindep/datasets/normalized/gVgV/nucleon-nucleon/1aNNastro_m_abs.csv,1aNNastro_m_abs,gVgV,nucleon-nucleon,V1a,NNastro,NNastro,False,NNastro (N-N (astro)),macroscopic,g,,False
spindep/datasets/normalized/gVgV/lepton-nucleon/1aeNastro_m_abs.csv,1aeNastro_m_abs,gVgV,lepton-nucleon,V1a,eNastro,eNastro,False,eNastro (e-N (astro)),mixed,g,,False
spindep/datasets/normalized/gVgV/lepton-lepton/1aeeastro_m_abs.csv,1aeeastro_m_abs,gVgV,lepton-lepton,V1a,eeastro,eastro,False,eeastro (e (astro)),mixed,g,,False
spindep/datasets/normalized/gVgV/lepton-nucleon/23Cong_2025_m_ep_gVgV_95CL.csv,23Cong_2025_m_ep_gVgV_95CL,gVgV,lepton-nucleon,V2+3,Cong2025,ep,False,Cong2025 (e-p),microscopic,g,,False
spindep/datasets/normalized/gVgV/lepton-nucleon/3Almasi_2020_m_abs_en.csv,3Almasi_2020_m_abs_en,gVgV,lepton-nucleon,V3,Almasi2020,en,False,Almasi2020 (e-n),macroscopic,g,,False
spindep/datasets/normalized/gVgV/lepton-lepton/3Fadeev_2022_2_m_abs_ebare.csv,3Fadeev_2022_2_m_abs_ebare,gVgV,lepton-lepton,V3,Fadeev2022,eebar,True,Fadeev2022 (e⁻-e⁺),microscopic,g,,False
spindep/datasets/normalized/gVgV/lepton-lepton/3Fadeev_2022_3_m_abs_emubar.csv,3Fadeev_2022_3_m_abs_emubar,gVgV,lepton-lepton,V3,Fadeev2022,emubar,True,Fadeev2022 (e-μ̄),microscopic,g,,False
spindep/datasets/normalized/gVgV/lepton-lepton/3Fadeev_2022_4_m_abs_ee.csv,3Fadeev_2022_4_m_abs_ee,gVgV,lepton-lepton,V3,Fadeev2022,ee,False,Fadeev2022 (e⁻-e⁻),microscopic,g,,False
spindep/datasets/normalized/gVgV/lepton-nucleon/3Fadeev_2022_5_m_abs_ep.csv,3Fadeev_2022_5_m_abs_ep,gVgV,lepton-nucleon,V3,Fadeev2022,ep,False,Fadeev2022 (e-p),microscopic,g,,False
spindep/datasets/normalized/gVgV/lepton-nucleon/3Ficek_2018_m_abs_epbar.csv,3Ficek_2018_m_abs_epbar,gVgV,lepton-nucleon,V3,Ficek2018,epbar,True,Ficek2018 (e-p̄),microscopic,g,,False
spindep/datasets/normalized/gVgV/nucleon-nucleon/3Kimball_2010_m_abs_np.csv,3Kimball_2010_m_abs_np,gVgV,nucleon-nucleon,V3,Kimball2010,np,False,Kimball2010 (n-p),microscopic,g,,False
spindep/datasets/normalized/gVgV/nucleon-nucleon/3Ledbetter_2013_m_abs_pN.csv,3Ledbetter_2013_m_abs_pN,gVgV,nucleon-nucleon,V3,Ledbetter2013,pN,False,Ledbetter2013 (p-N),microscopic,g,,False
spindep/datasets/normalized/gVgV/nucleon-nucleon/3Ramsey_1979_m_abs_np.csv,3Ramsey_1979_m_abs_np,gVgV,nucleon-nucleon,V3,Ramsey1979,np,False,Ramsey1979 (n-p),macroscopic,g,,False
spindep/datasets/normalized/gVgV/lepton-lepton/3Terrano_2015_m_abs_eN.csv,3Terrano_2015_m_abs_eN,gVgV,lepton-lepton,V3,Terrano2015,eN,False,Terrano2015 (e-N),macroscopic,g,,False
spindep/datasets/normalized/gVgV/nucleon-nucleon/3Vasilakis_2009_m_abs_nn.csv,3Vasilakis_2009_m_abs_nn,gVgV,nucleon-nucleon,V3,Vasilakis2009,nn,False,Vasilakis2009 (n-n),macroscopic,g,,False
spindep/datasets/normalized/gVgV/lepton-nucleon/3Wang_2022_m_abs_en.csv,3Wang_2022_m_abs_en,gVgV,lepton-nucleon,V3,Wang2022,en,False,Wang2022 (e-n),macroscopic,g,,False
spindep/datasets/normalized/gVgV/lepton-nucleon/45Clayburn_2023a_m_abs_eN.csv,45Clayburn_2023a_m_abs_eN,gVgV,lepton-nucleon,V4+5,Clayburn2023a,eN,False,Clayburn2023a (e-N),macroscopic,g,,False
spindep/datasets/normalized/gVgV/nucleon-nucleon/45Clayburn_2023b_m_abs_nN.csv,45Clayburn_2023b_m_abs_nN,gVgV,nucleon-nucleon,V4+5,Clayburn2023b,nN,False,Clayburn2023b (n-N),macroscopic,g,,False
spindep/datasets/normalized/gVgV/nucleon-nucleon/45Clayburn_2023c_m_abs_pN.csv,45Clayburn_2023c_m_abs_pN,gVgV,nucleon-nucleon,V4+5,Clayburn2023c,pN,False,Clayburn2023c (p-N),macroscopic,g,,False
spindep/datasets/normalized/gVgV/lepton-nucleon/45DG Wu_2023_m_abs_eN.csv,45DG Wu_2023_m_abs_eN,gVgV,lepton-nucleon,V4+5,DG Wu2023,eN,False,DG Wu2023 (e-N),macroscopic,g,,False
spindep/datasets/normalized/gVgV/lepton-nucleon/45Ding_2020_m_abs_eN.csv,45Ding_2020_m_abs_eN,gVgV,lepton-nucleon,V4+5,Ding2020,eN,False,Ding2020 (e-N),macroscopic,g,,False
spindep/datasets/normalized/gVgV/lepton-lepton/45Ficek_2017_V4+5_m_abs_ee.csv,45Ficek_2017_V4+5_m_abs_ee,gVgV,lepton-lepton,V4+5,Ficek2017,ee,False,Ficek2017 (e⁻-e⁻),microscopic,g,,False
spindep/datasets/normalized/gVgV/lepton-nucleon/45Ficek_2018_m_V4+5_abs_epbar.csv,45Ficek_2018_m_V4+5_abs_epbar,gVgV,lepton-nucleon,V4+5,Ficek2018,epbar,True,Ficek2018 (e-p̄),microscopic,g,,False
spindep/datasets/normalized/gVgV/nucleon-nucleon/45Haddock_2018a_m_abs_nN.csv,45Haddock_2018a_m_abs_nN,gVgV,nucleon-nucleon,V4+5,Haddock2018a,nN,False,Haddock2018a (n-N),macroscopic,g,,False
spindep/datasets/normalized/gVgV/nucleon-nucleon/45Haddock_2018b_m_abs_nN.csv,45Haddock_2018b_m_abs_nN,gVgV,nucleon-nucleon,V4+5,Haddock2018b,nN,False,Haddock2018b (n-N),macroscopic,g,,False
spindep/datasets/normalized/gVgV/lepton-nucleon/45Heckel_2008_m_abs_eN.csv,45Heckel_2008_m_abs_eN,gVgV,lepton-nucleon,V4+5,Heckel2008,eN,False,Heckel2008 (e-N),macroscopic,g,,False
spindep/datasets/normalized/gVgV/lepton-nucleon/45Kim_2018_m_abs_eN.csv,45Kim_2018_m_abs_eN,gVgV,lepton-nucleon,V4+5,Kim2018,eN,False,Kim2018 (e-N),macroscopic,g,,False
spindep/datasets/normalized/gVgV/lepton-nucleon/45LH Wu_2023_m_abs_eN.csv,45LH Wu_2023_m_abs_eN,gVgV,lepton-nucleon,V4+5,LH Wu2023,eN,False,LH Wu2023 (e-N),microscopic,g,,False
spindep/datasets/normalized/gVgV/nucleon-nucleon/45Su_2021b_m_abs_NN.csv,45Su_2021b_m_abs_NN,gVgV,nucleon-nucleon,V4+5,Su2021b,nN,False,Su2021b (n-N),macroscopic,g,,False
spindep/datasets/normalized/gVgV/nucleon-nucleon/45Voronin_2020_m_abs_NN.csv,45Voronin_2020_m_abs_NN,gVgV,nucleon-nucleon,V4+5,Voronin2020,nN,False,Voronin2020 (n-N),microscopic,g,,False
spindep/datasets/normalized/gVgV/lepton-nucleon/45Wei Xiao_2024_m_abs_eN.csv,45Wei Xiao_2024_m_abs_eN,gVgV,lepton-nucleon,V4+5,Wei Xiao2024,eN,False,Wei Xiao2024 (e-N),macroscopic,g,,False
spindep/datasets/normalized/gVgV/nucleon-nucleon/45Wei_2022a_m_abs_nN.csv,45Wei_2022a_m_abs_nN,gVgV,nucleon-nucleon,V4+5,Wei2022a,nN,False,Wei2022a (n-N),macroscopic,g,,False
spindep/datasets/normalized/gVgV/nucleon-nucleon/45Wei_2022b_m_abs_pN.csv,45Wei_2022b_m_abs_pN,gVgV,nucleon-nucleon,V4+5,Wei2022b,pN,False,Wei2022b (p-N),macroscopic,g,,False
spindep/datasets/normalized/gVgV/lepton-nucleon/45Wu_2021_m_abs_eN.csv,45Wu_2021_m_abs_eN,gVgV,lepton-nucleon,V4+5,Wu2021,eN,False,Wu2021 (e-N),macroscopic,g,,False
spindep/datasets/normalized/gVgV/lepton-nucleon/45Xiao_2023_m_abs_eN.csv,45Xiao_2023_m_abs_eN,gVgV,lepton-nucleon,V4+5,Xiao2023,eN,False,Xiao2023 (e-N),macroscopic,g,,False
spindep/datasets/normalized/gVgV/nucleon-nucleon/45_Wu_2023_m_abs_nN.csv,45_Wu_2023_m_abs_nN,gVgV,nucleon-nucleon,V4+5,Wu2023,nN,False,Wu2023 (n-N),macroscopic,g,,False
spindep/datasets/normalized/gpgp/nucleon-nucleon/1aNNastro_m_abs.csv,1aNNastro_m_abs,gpgp,nucleon-nucleon,V1a,NNastro,NNastro,False,NNastro (N-N (astro)),macroscopic,g,,False
spindep/datasets/normalized/gpgp/lepton-lepton/1aeeastro_m_abs.csv,1aeeastro_m_abs,gpgp,lepton-lepton,V1a,eeastro,eastro,False,eeastro (e (astro)),macroscopic,g,,False
spindep/datasets/normalized/gpgp/lepton-nucleon/3Almasi_2020_m_abs_en.csv,3Almasi_2020_m_abs_en,gpgp,lepton-nucleon,V3,Almasi2020,en,False,Almasi2020 (e-n),macroscopic,g,,False
spindep/datasets/normalized/gpgp/lepton-nucleon/3Cong_2025_m_ep_gpgp_95CL.csv,3Cong_2025_m_ep_gpgp_95CL,gpgp,lepton-nucleon,V3,Cong2025,ep,False,Cong2025 (e-p),microscopic,g,,False
spindep/datasets/normalized/gpgp/lepton-lepton/3Fadeev_2022_2_m_abs_ebare.csv,3Fadeev_2022_2_m_abs_ebare,gpgp,lepton-lepton,V3,Fadeev2022,eebar,True,Fadeev2022 (e⁻-e⁺),microscopic,g,,False
spindep/datasets/normalized/gpgp/lepton-lepton/3Fadeev_2022_3_m_abs_emubar.csv,3Fadeev_2022_3_m_abs_emubar,gpgp,lepton-lepton,V3,Fadeev2022,emubar,True,Fadeev2022 (e-μ̄),microscopic,g,,False
spindep/datasets/normalized/gpgp/lepton-lepton/3Fadeev_2022_4_m_abs_ee.csv,3Fadeev_2022_4_m_abs_ee,gpgp,lepton-lepton,V3,Fadeev2022,ee,False,Fadeev2022 (e⁻-e⁻),microscopic,g,,False
spindep/datasets/normalized/gpgp/lepton-nucleon/3Fadeev_2022_5_m_abs_ep.csv,3Fadeev_2022_5_m_abs_ep,gpgp,lepton-nucleon,V3,Fadeev2022,ep,False,Fadeev2022 (e-p),microscopic,g,,False
spindep/datasets/normalized/gpgp/lepton-nucleon/3Ficek_2018_m_abs_epbar.csv,3Ficek_2018_m_abs_epbar,gpgp,lepton-nucleon,V3,Ficek2018,epbar,True,Ficek2018 (e-p̄),microscopic,g,,False
spindep/datasets/normalized/gpgp/nucleon-nucleon/3Kimball_2010_m_abs_np.csv,3Kimball_2010_m_abs_np,gpgp,nucleon-nucleon,V3,Kimball2010,np,False,Kimball2010 (n-p),microscopic,g,,False
spindep/datasets/normalized/gpgp/nucleon-nucleon/3Ledbetter_2013_m_abs_pN.csv,3Ledbetter_2013_m_abs_pN,gpgp,nucleon-nucleon,V3,Ledbetter2013,pN,False,Ledbetter2013 (p-N),microscopic,g,,False
spindep/datasets/normalized/gpgp/nucleon-nucleon/3Ramsey_1979_m_abs_np.csv,3Ramsey_1979_m_abs_np,gpgp,nucleon-nucleon,V3,Ramsey1979,np,False,Ramsey1979 (n-p),macroscopic,g,,False
spindep/datasets/normalized/gpgp/lepton-lepton/3Terrano_2015_m_abs_eN.csv,3Terrano_2015_m_abs_eN,gpgp,lepton-lepton,V3,Terrano2015,eN,False,Terrano2015 (e-N),macroscopic,g,,False
spindep/datasets/normalized/gpgp/nucleon-nucleon/3Vasilakis_2009_m_abs_nn.csv,3Vasilakis_2009_m_abs_nn,gpgp,nucleon-nucleon,V3,Vasilakis2009,nn,False,Vasilakis2009 (n-n),macroscopic,g,,False
spindep/datasets/normalized/gpgp/lepton-nucleon/3Wang_2022_m_abs_en.csv,3Wang_2022_m_abs_en,gpgp,lepton-nucleon,V3,Wang2022,en,False,Wang2022 (e-n),macroscopic,g,,False
spindep/datasets/normalized/gpgs/lepton-nucleon/15Hunter_2014_1_m_abs_ep.csv,15Hunter_2014_1_m_abs_ep,gpgs,lepton-nucleon,V15,Hunter2014,ep,False,Hunter2014 (e-p),macroscopic,g,,False
spindep/datasets/normalized/gpgs/lepton-nucleon/15Hunter_2014_2_m_abs_en.csv,15Hunter_2014_2_m_abs_en,gpgs,lepton-nucleon,V15,Hunter2014,en,False,Hunter2014 (e-n),macroscopic,g,,False
spindep/datasets/normalized/gpgs/lepton-nucleon/1aeNastro_m_abs.csv,1aeNastro_m_abs,gpgs,lepton-nucleon,V1a,eNastro,eNastro,False,eNastro (e-N (astro)),microscopic,g,,False
spindep/datasets/normalized/gpgs/lepton-lepton/1aeeastro_m_abs.csv,1aeeastro_m_abs,gpgs,lepton-lepton,V1a,eeastro,eastro,False,eeastro (e (astro)),microscopic,g,,False
spindep/datasets/normalized/gpgs/nucleon-nucleon/neutron-nucleon/1anNastro_m_abs.csv,1anNastro_m_abs,gpgs,nucleon-nucleon,V1a,nNastro,nNastro,False,nNastro (n-N (astro)),microscopic,g,,False
spindep/datasets/normalized/gpgs/nucleon-nucleon/proton-nucleon/1apNastro_m_abs.csv,1apNastro_m_abs,gpgs,nucleon-nucleon,V1a,pNastro,pNastro,False,pNastro (p-N (astro)),mixed,g,,False
spindep/datasets/normalized/gpgs/lepton-nucleon/910Agrawal_2023_m_abs_eN.csv,910Agrawal_2023_m_abs_eN,gpgs,lepton-nucleon,V9+10,Agrawal2023,eN,False,Agrawal2023 (e-N),macroscopic,g,,False
spindep/datasets/normalized/gpgs/nucleon-nucleon/neutron-nucleon/910Ayres_2023_m_abs_nN.csv,910Ayres_2023_m_abs_nN,gpgs,nucleon-nucleon,V9+10,Ayres2023,nN,False,Ayres2023 (n-N),macroscopic,g,,False
spindep/datasets/normalized/gpgs/nucleon-nucleon/nucleon-nucleon/910Baruch_2024_abs_m_NN.csv,910Baruch_2024_abs_m_NN,gpgs,nucleon-nucleon,V9+10,Baruch2024,nN,False,Baruch2024 (n-N),microscopic,g,,False
spindep/datasets/normalized/gpgs/lepton-nucleon/910Crescini_2022_1_m_abs_eN.csv,910Crescini_2022_1_m_abs_eN,gpgs,lepton-nucleon,V9+10,Crescini2022,eN,False,Crescini2022 (e-N),macroscopic,g,,False
spindep/datasets/normalized/gpgs/lepton-lepton/910Crescini_2022_2_m_abs_ee.csv,910Crescini_2022_2_m_abs_ee,gpgs,lepton-lepton,V9+10,Crescini2022,ee,False,Crescini2022 (e⁻-e⁻),macroscopic,g,,False
spindep/datasets/normalized/gpgs/lepton-nucleon/910Dzuba_2018_m_abs_eN.csv,910Dzuba_2018_m_abs_eN,gpgs,lepton-nucleon,V9+10,Dzuba2018,eN,False,Dzuba2018 (e-N),microscopic,g,,False
spindep/datasets/normalized/gpgs/nucleon-nucleon/neutron-nucleon/910Feng_2022_m_abs_nN.csv,910Feng_2022_m_abs_nN,gpgs,nucleon-nucleon,V9+10,Feng2022,nN,False,Feng2022 (n-N),macroscopic,g,,False
spindep/datasets/normalized/gpgs/nucleon-nucleon/neutron-nucleon/910Guigue_2015_m_abs_nN.csv,910Guigue_2015_m_abs_nN,gpgs,nucleon-nucleon,V9+10,Guigue2015,nN,False,Guigue2015 (n-N),macroscopic,g,,False
spindep/datasets/normalized/gpgs/nucleon-nucleon/proton-nucleon/910Guigue_2015_m_abs_pN.csv,910Guigue_2015_m_abs_pN,gpgs,nucleon-nucleon,V9+10,Guigue2015,pN,False,Guigue2015 (p-N),macroscopic,g,,False
spindep/datasets/normalized/gpgs/lepton-nucleon/910Heckel_2008_1_m_abs_eN.csv,910Heckel_2008_1_m_abs_eN,gpgs,lepton-nucleon,V9+10,Heckel2008,eN,False,Heckel2008 (e-N),macroscopic,g,,False
spindep/datasets/normalized/gpgs/lepton-nucleon/910Heckel_2008_2_m_abs_eN.csv,910Heckel_2008_2_m_abs_eN,gpgs,lepton-nucleon,V9+10,Heckel2008,eN,False,Heckel2008 (e-N),macroscopic,g,,False
spindep/datasets/normalized/gpgs/lepton-nucleon/910Hoedl_2011_2_m_m_abs_eN.csv,910Hoedl_2011_2_m_m_abs_eN,gpgs,lepton-nucleon,V9+10,Hoedl2011,eN,False,Hoedl2011 (e-N),macroscopic,g,,False
spindep/datasets/normalized/gpgs/lepton-nucleon/910Lee_2018_1_m_abs_eN.csv,910Lee_2018_1_m_abs_eN,gpgs,lepton-nucleon,V9+10,Lee2018,eN,False,Lee2018 (e-N),macroscopic,g,,False
spindep/datasets/normalized/gpgs/nucleon-nucleon/neutron-nucleon/910Lee_2018_2_m_abs_nN.csv,910Lee_2018_2_m_abs_nN,gpgs,nucleon-nucleon,V9+10,Lee2018,nN,False,Lee2018 (n-N),macroscopic,g,,False
spindep/datasets/normalized/gpgs/nucleon-nucleon/proton-nucleon/910Lee_2018_2_m_abs_pN.csv,910Lee_2018_2_m_abs_pN,gpgs,nucleon-nucleon,V9+10,Lee2018,pN,False,Lee2018 (p-N),macroscopic,g,,False
spindep/datasets/normalized/gpgs/lepton-nucleon/910Liang_2022_m_abs_eN.csv,910Liang_2022_m_abs_eN,gpgs,lepton-nucleon,V9+10,Liang2022,eN,False,Liang2022 (e-N),macroscopic,g,,False
spindep/datasets/normalized/gpgs/lepton-nucleon/910Prosnyak_2023_1_m_abs_eN.csv,910Prosnyak_2023_1_m_abs_eN,gpgs,lepton-nucleon,V9+10,Prosnyak2023,eN,False,Prosnyak2023 (e-N),microscopic,g,,False
spindep/datasets/normalized/gpgs/lepton-lepton/910Prosnyak_2023_2_m_abs_ee.csv,910Prosnyak_2023_2_m_abs_ee,gpgs,lepton-lepton,V9+10,Prosnyak2023,ee,False,Prosnyak2023 (e⁻-e⁻),microscopic,g,,False
spindep/datasets/normalized/gpgs/lepton-nucleon/910Rong_2018_m_abs_eN.csv,910Rong_2018_m_abs_eN,gpgs,lepton-nucleon,V9+10,Rong2018,eN,False,Rong2018 (e-N),microscopic,g,,False
spindep/datasets/normalized/gpgs/nucleon-nucleon/proton-nucleon/910Safronova_2018_Kimball_m_abs_pN.csv,910Safronova_2018_Kimball_m_abs_pN,gpgs,nucleon-nucleon,V9+10,Safronova2018,pN,False,Safronova2018 (p-N),macroscopic,g,,False
spindep/datasets/normalized/gpgs/nucleon-nucleon/proton-nucleon/910Safronova_2018_Youdin_m_abs_pN.csv,910Safronova_2018_Youdin_m_abs_pN,gpgs,nucleon-nucleon,V9+10,Safronova2018,pN,False,Safronova2018 (p-N),macroscopic,g,,False
spindep/datasets/normalized/gpgs/nucleon-nucleon/proton-nucleon/910Stadnik_2015_m_abs_pN.csv,910Stadnik_2015_m_abs_pN,gpgs,nucleon-nucleon,V9+10,Stadnik2015,pN,False,Stadnik2015 (p-N),macroscopic,g,,False
spindep/datasets/normalized/gpgs/lepton-nucleon/910Stadnik_2018_1_m_abs_eN.csv,910Stadnik_2018_1_m_abs_eN,gpgs,lepton-nucleon,V9+10,Stadnik2018,eN,False,Stadnik2018 (e-N),microscopic,g,,False
spindep/datasets/normalized/gpgs/lepton-lepton/910Stadnik_2018_2_m_abs_ee.csv,910Stadnik_2018_2_m_abs_ee,gpgs,lepton-lepton,V9+10,Stadnik2018,ee,False,Stadnik2018 (e⁻-e⁻),microscopic,g,,False
spindep/datasets/normalized/gpgs/lepton-nucleon/910Terrano_2015_m_m_abs_eN.csv,910Terrano_2015_m_m_abs_eN,gpgs,lepton-nucleon,V9+10,Terrano2015,eN,False,Terrano2015 (e-N),macroscopic,g,,False
spindep/datasets/normalized/gpgs/nucleon-nucleon/neutron-nucleon/910Tullney_2013_m_abs_nN.csv,910Tullney_2013_m_abs_nN,gpgs,nucleon-nucleon,V9+10,Tullney2013,nN,False,Tullney2013 (n-N),macroscopic,g,,False
spindep/datasets/normalized/gpgs/nucleon-nucleon/neutron-nucleon/910Venema_1992_m_abs_NN.csv,910Venema_1992_m_abs_NN,gpgs,nucleon-nucleon,V9+10,Venema1992,nN,False,Venema1992 (n-N),macroscopic,g,,False
spindep/datasets/normalized/gpgs/nucleon-nucleon/neutron-nucleon/910Voronin_2009_m_abs_nN.csv,910Voronin_2009_m_abs_nN,gpgs,nucleon-nucleon,V9+10,Voronin2009,nN,False,Voronin2009 (n-N),microscopic,g,,False
spindep/datasets/normalized/gpgs/lepton-nucleon/910Wineland_1991_m_abs_eN.csv,910Wineland_1991_m_abs_eN,gpgs,lepton-nucleon,V9+10,Wineland1991,eN,False,Wineland1991 (e-N),macroscopic,g,,False
spindep/datasets/normalized/gpgs/nucleon-nucleon/neutron-nucleon/910Wu_2023_m_abs_nN.csv,910Wu_2023_m_abs_nN,gpgs,nucleon-nucleon,V9+10,Wu2023,nN,False,Wu2023 (n-N),macroscopic,g,,False
spindep/datasets/normalized/gpgs/nucleon-nucleon/neutron-nucleon/910Zhang_2023_m_abs_nN.csv,910Zhang_2023_m_abs_nN,gpgs,nucleon-nucleon,V9+10,Zhang2023,nN,False,Zhang2023 (n-N),macroscopic,g,,False
spindep/datasets/normalized/gsgs/lepton-lepton/V1_Adkins_2022_eeplus.csv,V1_Adkins_2022_eeplus,gsgs,lepton-lepton,V1,Adkins2022,eebar,True,Adkins2022 (e⁻-e⁺),microscopic,g,,False
spindep/datasets/normalized/gsgs/lepton-nucleon/V1_Alighanbari_2020.csv,V1_Alighanbari_2020,gsgs,lepton-nucleon,V1,Alighanbari2020,ep,False,Alighanbari2020 (e-p),microscopic,g,,False
spindep/datasets/normalized/gsgs/lepton-nucleon/V1_Astrophysical_2020_m_abs_eN.csv,V1_Astrophysical_2020_m_abs_eN,gsgs,lepton-nucleon,V1,Astrophysical2020,eN,False,Astrophysical2020 (e-N),macroscopic,g,,False
spindep/datasets/normalized/gsgs/nucleon-nucleon/V1_Casimir_NN.csv,V1_Casimir_NN,gsgs,nucleon-nucleon,V1,Casimir,nN,False,Casimir (n-N),microscopic,g,,False
spindep/datasets/normalized/gsgs/lepton-lepton/V1_Casimir_ee.csv,V1_Casimir_ee,gsgs,lepton-lepton,V1,Casimir,ee,False,Casimir (e⁻-e⁻),microscopic,g,,False
spindep/datasets/normalized/gsgs/lepton-lepton/V1_Delaunay_2017.csv,V1_Delaunay_2017,gsgs,lepton-lepton,V1,Delaunay2017,ee,False,Delaunay2017 (e⁻-e⁻),microscopic,g,,False
spindep/datasets/normalized/gsgs/lepton-nucleon/V1_Delaunay_2017_en.csv,V1_Delaunay_2017_en,gsgs,lepton-nucleon,V1,Delaunay2017,en,False,Delaunay2017 (e-n),microscopic,g,,False
spindep/datasets/normalized/gsgs/nucleon-nucleon/V1_Delaunay_2022_NN.csv,V1_Delaunay_2022_NN,gsgs,nucleon-nucleon,V1,Delaunay2022,nN,False,Delaunay2022 (n-N),microscopic,g,,False
spindep/datasets/normalized/gsgs/nucleon-nucleon/V1_Neutron_scattering.csv,V1_Neutron_scattering,gsgs,nucleon-nucleon,V1,Neutron,nn,False,Neutron (n-n),microscopic,g,,False
spindep/datasets/normalized/gsgs/lepton-lepton/V1_Ohayon_2022_e_muplus.csv,V1_Ohayon_2022_e_muplus,gsgs,lepton-lepton,V1,Ohayon2022,emubar,True,Ohayon2022 (e-μ̄),microscopic,g,,False
spindep/datasets/normalized/gsgs/lepton-nucleon/V1_Salumbides_2018_mu_N.csv,V1_Salumbides_2018_mu_N,gsgs,lepton-nucleon,V1,Salumbides2018,muN,False,Salumbides2018 (μ-N),microscopic,g,,False
spindep/datasets/normalized/gsgs/lepton-nucleon/V1_Salumbides_2018_p_N.csv,V1_Salumbides_2018_p_N,gsgs,lepton-nucleon,V1,Salumbides2018,pN,False,Salumbides2018 (p-N),microscopic,g,,False
spindep/datasets/normalized/gsgs/lepton-lepton/V1_Stadnik_2023_e_muplus.csv,V1_Stadnik_2023_e_muplus,gsgs,lepton-lepton,V1,Stadnik2023,emubar,True,Stadnik2023 (e-μ̄),macroscopic,g,,False
spindep/datasets/normalized/gsgs/lepton-lepton/V1_Supernova_mu_mu.csv,V1_Supernova_mu_mu,gsgs,lepton-lepton,V1,Supernova,mumu,False,Supernova (μ-μ),mixed,g,,False
spindep/datasets/normalized/gsgs/nucleon-nucleon/V1_Torsion_NN.csv,V1_Torsion_NN,gsgs,nucleon-nucleon,V1,Torsion,nN,False,Torsion (n-N),macroscopic,g,,False
spindep/datasets/normalized/gsgs/lepton-lepton/V1_Torsion_ee.csv,V1_Torsion_ee,gsgs,lepton-lepton,V1,Torsion,ee,False,Torsion (e⁻-e⁻),macroscopic,g,,False
spindep/datasets/normalized/gsgs/nucleon-nucleon/V1_WEP_NN.csv,V1_WEP_NN,gsgs,nucleon-nucleon,V1,WEP,nN,False,WEP (n-N),macroscopic,g,,False
spindep/datasets/normalized/gsgs/lepton-lepton/V1_WEP_ee.csv,V1_WEP_ee,gsgs,lepton-lepton,V1,WEP,ee,False,WEP (e⁻-e⁻),macroscopic,g,,False
spindep/datasets/normalized/gsgs/lepton-nucleon/V1_eNastro_m_abs.csv,V1_eNastro_m_abs,gsgs,lepton-nucleon,V1,eNastro,eNastro,False,eNastro (e-N (astro)),microscopic,g,,False
spindep/datasets/normalized/gsgs/lepton-lepton/V1_eeastro_m_abs.csv,V1_eeastro_m_abs,gsgs,lepton-lepton,V1,eeastro,eastro,False,eeastro (e (astro)),microscopic,g,,False
spindep/datasets/normalized/gsgs/gs_squareV1bounds/V1_gsN_Casimir.csv,V1_gsN_Casimir,gsgs,gs_squareV1bounds,V1,Casimir,nN,False,Casimir (n-N),microscopic,g,,False
spindep/datasets/normalized/gsgs/gs_squareV1bounds/V1_gsN_EEP.csv,V1_gsN_EEP,gsgs,gs_squareV1bounds,V1,EEP,nN,False,EEP (n-N),macroscopic,g,,False
spindep/datasets/normalized/gsgs/gs_squareV1bounds/V1_gsN_MS.csv,V1_gsN_MS,gsgs,gs_squareV1bounds,V1,MS,nN,False,MS (n-N),microscopic,g,,False
spindep/datasets/normalized/gsgs/gs_squareV1bounds/V1_gsN_Torsion.csv,V1_gsN_Torsion,gsgs,gs_squareV1bounds,V1,Torsion,nN,False,Torsion (n-N),macroscopic,g,,False
spindep/datasets/normalized/gsgs/gs_squareV1bounds/V1_gse_Casimir.csv,V1_gse_Casimir,gsgs,gs_squareV1bounds,V1,Casimir,ee,False,Casimir (e⁻-e⁻),microscopic,g,,False
spindep/datasets/normalized/gsgs/gs_squareV1bounds/V1_gse_EEP.csv,V1_gse_EEP,gsgs,gs_squareV1bounds,V1,EEP,ee,False,EEP (e⁻-e⁻),macroscopic,g,,False
spindep/datasets/normalized/gsgs/gs_squareV1bounds/V1_gse_EMM.csv,V1_gse_EMM,gsgs,gs_squareV1bounds,V1,EMM,ee,False,EMM (e⁻-e⁻),microscopic,g,,False
spindep/datasets/normalized/gsgs/gs_squareV1bounds/V1_gse_Torsion.csv,V1_gse_Torsion,gsgs,gs_squareV1bounds,V1,Torsion,ee,False,Torsion (e⁻-e⁻),macroscopic,g,,False
spindep/datasets/normalized/gsgs/nucleon-nucleon/1aNNastro_m_abs.csv,1aNNastro_m_abs,gsgs,nucleon-nucleon,V1a,NNastro,NNastro,False,NNastro (N-N (astro)),microscopic,g,,False
spindep/datasets/normalized/gsgs/lepton-nucleon/45Clayburn_2023a_m_abs_eN.csv,45Clayburn_2023a_m_abs_eN,gsgs,lepton-nucleon,V4+5,Clayburn2023a,eN,False,Clayburn2023a (e-N),macroscopic,g,,False
spindep/datasets/normalized/gsgs/nucleon-nucleon/45Clayburn_2023b_m_abs_nN.csv,45Clayburn_2023b_m_abs_nN,gsgs,nucleon-nucleon,V4+5,Clayburn2023b,nN,False,Clayburn2023b (n-N),macroscopic,g,,False
spindep/datasets/normalized/gsgs/nucleon-nucleon/45Clayburn_2023c_m_abs_pN.csv,45Clayburn_2023c_m_abs_pN,gsgs,nucleon-nucleon,V4+5,Clayburn2023c,pN,False,Clayburn2023c (p-N),macroscopic,g,,False
spindep/datasets/normalized/gsgs/lepton-nucleon/45DG Wu_2023_m_abs_eN.csv,45DG Wu_2023_m_abs_eN,gsgs,lepton-nucleon,V4+5,DG Wu2023,eN,False,DG Wu2023 (e-N),macroscopic,g,,False
spindep/datasets/normalized/gsgs/lepton-nucleon/45Ding_2020_m_abs_eN.csv,45Ding_2020_m_abs_eN,gsgs,lepton-nucleon,V4+5,Ding2020,eN,False,Ding2020 (e-N),macroscopic,g,,False
spindep/datasets/normalized/gsgs/lepton-nucleon/45Ficek_2018_m_V4+5_abs_epbar.csv,45Ficek_2018_m_V4+5_abs_epbar,gsgs,lepton-nucleon,V4+5,Ficek2018,epbar,True,Ficek2018 (e-p̄),microscopic,g,,False
spindep/datasets/normalized/gsgs/nucleon-nucleon/45Haddock_2018a_m_abs_nN.csv,45Haddock_2018a_m_abs_nN,gsgs,nucleon-nucleon,V4+5,Haddock2018a,nN,False,Haddock2018a (n-N),macroscopic,g,,False
spindep/datasets/normalized/gsgs/lepton-nucleon/45Heckel_2008_m_abs_eN.csv,45Heckel_2008_m_abs_eN,gsgs,lepton-nucleon,V4+5,Heckel2008,eN,False,Heckel2008 (e-N),macroscopic,g,,False
spindep/datasets/normalized/gsgs/lepton-nucleon/45Kim_2018_m_abs_eN.csv,45Kim_2018_m_abs_eN,gsgs,lepton-nucleon,V4+5,Kim2018,eN,False,Kim2018 (e-N),macroscopic,g,,False
spindep/datasets/normalized/gsgs/lepton-nucleon/45LH Wu_2023_m_abs_eN.csv,45LH Wu_2023_m_abs_eN,gsgs,lepton-nucleon,V4+5,LH Wu2023,eN,False,LH Wu2023 (e-N),microscopic,g,,False
spindep/datasets/normalized/gsgs/nucleon-nucleon/45Parnell_2020_m_abs_nN.csv,45Parnell_2020_m_abs_nN,gsgs,nucleon-nucleon,V4+5,Parnell2020,nN,False,Parnell2020 (n-N),macroscopic,g,,False
spindep/datasets/normalized/gsgs/nucleon-nucleon/45Su_2021b_m_abs_NN.csv,45Su_2021b_m_abs_NN,gsgs,nucleon-nucleon,V4+5,Su2021b,nN,False,Su2021b (n-N),macroscopic,g,,False
spindep/datasets/normalized/gsgs/nucleon-nucleon/45Voronin_2020_m_abs_NN.csv,45Voronin_2020_m_abs_NN,gsgs,nucleon-nucleon,V4+5,Voronin2020,nN,False,Voronin2020 (n-N),microscopic,g,,False
spindep/datasets/normalized/gsgs/nucleon-nucleon/45Wei_2022a_m_abs_nN.csv,45Wei_2022a_m_abs_nN,gsgs,nucleon-nucleon,V4+5,Wei2022a,nN,False,Wei2022a (n-N),macroscopic,g,,False
spindep/datasets/normalized/gsgs/nucleon-nucleon/45Wei_2022b_m_abs_pN.csv,45Wei_2022b_m_abs_pN,gsgs,nucleon-nucleon,V4+5,Wei2022b,pN,False,Wei2022b (p-N),macroscopic,g,,False
spindep/datasets/normalized/gsgs/lepton-nucleon/45Wu_2021_m_abs_eN.csv,45Wu_2021_m_abs_eN,gsgs,lepton-nucleon,V4+5,Wu2021,eN,False,Wu2021 (e-N),macroscopic,g,,False
spindep/datasets/normalized/gsgs/nucleon-nucleon/45Wu_2023_m_abs_nN.csv,45Wu_2023_m_abs_nN,gsgs,nucleon-nucleon,V4+5,Wu2023,nN,False,Wu2023 (n-N),macroscopic,g,,False
spindep/datasets/normalized/gsgs/lepton-nucleon/45Xiao_2023_m_abs_eN.csv,45Xiao_2023_m_abs_eN,gsgs,lepton-nucleon,V4+5,Xiao2023,eN,False,Xiao2023 (e-N),macroscopic,g,,False
spindep/datasets/normalized/gsgs/lepton-nucleon/45Xiao_2024_m_abs_eN.csv,45Xiao_2024_m_abs_eN,gsgs,lepton-nucleon,V4+5,Xiao2024,eN,False,Xiao2024 (e-N),macroscopic,g,,False
spindep/datasets/normalized/gsgs/lepton-lepton/Ficek_2017_V4+5_m_abs_ee.csv,Ficek_2017_V4+5_m_abs_ee,gsgs,lepton-lepton,V4+5,Ficek2017,ee,False,Ficek2017 (e⁻-e⁻),microscopic,g,,False
spindep/datasets/normalized/Code-plot-matlab/Your-new-data/New_constriants_1.csv,New_constriants_1,Code-plot-matlab,Your-new-data,V1,New,ee,False,New (e⁻-e⁻),microscopic,g,"Code-plot-matlab template placeholder, not a measured constraint",True
spindep/datasets/normalized/Code-plot-matlab/Your-new-data/New_constriants_2.csv,New_constriants_2,Code-plot-matlab,Your-new-data,V2,New,ee,False,New (e⁻-e⁻),microscopic,g,"Code-plot-matlab template placeholder, not a measured constraint",True
spindep/datasets/normalized/gAgA/lepton-nucleon/electron-proton_or_antiproton/2Cong_2025_m_ep_gAgA_90CL.csv,2Cong_2025_m_ep_gAgA_90CL,gAgA,lepton-nucleon,V2,Cong2025,ep,False,Cong2025 (e-p),microscopic,g,90% CL duplicate of the corresponding 95% CL Cong (2025) curve,True
spindep/datasets/normalized/gAgA/lepton-nucleon/electron-proton_or_antiproton/23Cong_2025_m_ep_gAgA_90CL.csv,23Cong_2025_m_ep_gAgA_90CL,gAgA,lepton-nucleon,V2+3,Cong2025,ep,False,Cong2025 (e-p),microscopic,g,90% CL duplicate of the corresponding 95% CL Cong (2025) curve,True
spindep/datasets/normalized/gAgA/lepton-nucleon/electron-proton_or_antiproton/3Cong_2025_m_ep_gAgA_90CL.csv,3Cong_2025_m_ep_gAgA_90CL,gAgA,lepton-nucleon,V3,Cong2025,ep,False,Cong2025 (e-p),microscopic,g,90% CL duplicate of the corresponding 95% CL Cong (2025) curve,True
spindep/datasets/normalized/gAgV/nucleon-nucleon/Combined_Casimir_N-N.csv,Combined_Casimir_N-N,gAgV,nucleon-nucleon,UNKNOWN,Casimir,nN,False,Casimir (n-N),microscopic,g,"gAgV combined envelope curve; upstream marks it potential=combined, status=review_only",True
spindep/datasets/normalized/gAgV/lepton-nucleon/Combined_Casimir_e-N.csv,Combined_Casimir_e-N,gAgV,lepton-nucleon,UNKNOWN,Casimir,eN,False,Casimir (e-N),microscopic,g,"gAgV combined envelope curve; upstream marks it potential=combined, status=review_only",True
spindep/datasets/normalized/gAgV/lepton-lepton/Combined_Casimir_e-e.csv,Combined_Casimir_e-e,gAgV,lepton-lepton,UNKNOWN,Casimir,ee,False,Casimir (e⁻-e⁻),microscopic,g,"gAgV combined envelope curve; upstream marks it potential=combined, status=review_only",True
spindep/datasets/normalized/gAgV/nucleon-nucleon/Combined_EEP_N-N.csv,Combined_EEP_N-N,gAgV,nucleon-nucleon,UNKNOWN,EEP,nN,False,EEP (n-N),macroscopic,g,"gAgV combined envelope curve; upstream marks it potential=combined, status=review_only",True
spindep/datasets/normalized/gAgV/lepton-nucleon/Combined_EEP_e-N.csv,Combined_EEP_e-N,gAgV,lepton-nucleon,UNKNOWN,EEP,eN,False,EEP (e-N),macroscopic,g,"gAgV combined envelope curve; upstream marks it potential=combined, status=review_only",True
spindep/datasets/normalized/gAgV/lepton-lepton/Combined_EEP_e-e.csv,Combined_EEP_e-e,gAgV,lepton-lepton,UNKNOWN,EEP,ee,False,EEP (e⁻-e⁻),macroscopic,g,"gAgV combined envelope curve; upstream marks it potential=combined, status=review_only",True
spindep/datasets/normalized/gAgV/lepton-lepton/Combined_EMM_e-e.csv,Combined_EMM_e-e,gAgV,lepton-lepton,UNKNOWN,EMM,ee,False,EMM (e⁻-e⁻),microscopic,g,"gAgV combined envelope curve; upstream marks it potential=combined, status=review_only",True
spindep/datasets/normalized/gAgV/nucleon-nucleon/Combined_MS_N-N.csv,Combined_MS_N-N,gAgV,nucleon-nucleon,UNKNOWN,MS,nN,False,MS (n-N),microscopic,g,"gAgV combined envelope curve; upstream marks it potential=combined, status=review_only",True
spindep/datasets/normalized/gAgV/lepton-nucleon/Combined_MS_e-N.csv,Combined_MS_e-N,gAgV,lepton-nucleon,UNKNOWN,MS,eN,False,MS (e-N),microscopic,g,"gAgV combined envelope curve; upstream marks it potential=combined, status=review_only",True
spindep/datasets/normalized/gAgV/nucleon-nucleon/Combined_Torsion_N-N.csv,Combined_Torsion_N-N,gAgV,nucleon-nucleon,UNKNOWN,Torsion,nN,False,Torsion (n-N),macroscopic,g,"gAgV combined envelope curve; upstream marks it potential=combined, status=review_only",True
spindep/datasets/normalized/gAgV/lepton-nucleon/Combined_Torsion_e-N.csv,Combined_Torsion_e-N,gAgV,lepton-nucleon,UNKNOWN,Torsion,eN,False,Torsion (e-N),macroscopic,g,"gAgV combined envelope curve; upstream marks it potential=combined, status=review_only",True
spindep/datasets/normalized/gAgV/lepton-lepton/Combined_Torsion_e-e.csv,Combined_Torsion_e-e,gAgV,lepton-lepton,UNKNOWN,Torsion,ee,False,Torsion (e⁻-e⁻),macroscopic,g,"gAgV combined envelope curve; upstream marks it potential=combined, status=review_only",True
spindep/datasets/normalized/gVgV/lepton-nucleon/23Cong_2025_m_ep_gVgV_90CL.csv,23Cong_2025_m_ep_gVgV_90CL,gVgV,lepton-nucleon,V2+3,Cong2025,ep,False,Cong2025 (e-p),microscopic,g,90% CL duplicate of the corresponding 95% CL Cong (2025) curve,True
spindep/datasets/normalized/gpgp/lepton-nucleon/eNastro_m_abs.csv,eNastro_m_abs,gpgp,lepton-nucleon,UNKNOWN,eNastro,eNastro,False,eNastro (e-N (astro)),mixed,g,potential unassigned; no upstream or documentary evidence for a V_n,True
spindep/datasets/normalized/gpgp/lepton-nucleon/3Cong_2025_m_ep_gpgp_90CL.csv,3Cong_2025_m_ep_gpgp_90CL,gpgp,lepton-nucleon,V3,Cong2025,ep,False,Cong2025 (e-p),microscopic,g,90% CL duplicate of the corresponding 95% CL Cong (2025) curve,True
spindep/datasets/normalized/gpgs/lepton-nucleon/1agepgNscombined1_m_abs.csv,1agepgNscombined1_m_abs,gpgs,lepton-nucleon,V1a,gepgNscombined1,eN,False,gepgNscombined1 (e-N),microscopic,g,"gpgs combined envelope curve; upstream marks it interaction=combined, status=review_only",True
spindep/datasets/normalized/gpgs/lepton-nucleon/1agepgNscombined2_m_abs.csv,1agepgNscombined2_m_abs,gpgs,lepton-nucleon,V1a,gepgNscombined2,eN,False,gepgNscombined2 (e-N),macroscopic,g,"gpgs combined envelope curve; upstream marks it interaction=combined, status=review_only",True
spindep/datasets/normalized/gpgs/lepton-nucleon/1agepgNscombined3_m_abs.csv,1agepgNscombined3_m_abs,gpgs,lepton-nucleon,V1a,gepgNscombined3,eN,False,gepgNscombined3 (e-N),microscopic,g,"gpgs combined envelope curve; upstream marks it interaction=combined, status=review_only",True
spindep/datasets/normalized/gpgs/lepton-nucleon/1agepgNscombined4_m_abs.csv,1agepgNscombined4_m_abs,gpgs,lepton-nucleon,V1a,gepgNscombined4,eN,False,gepgNscombined4 (e-N),macroscopic,g,"gpgs combined envelope curve; upstream marks it interaction=combined, status=review_only",True
spindep/datasets/normalized/gpgs/lepton-lepton/1agepgescombined1_m_abs.csv,1agepgescombined1_m_abs,gpgs,lepton-lepton,V1a,gepgescombined1,ee,False,gepgescombined1 (e⁻-e⁻),microscopic,g,"gpgs combined envelope curve; upstream marks it interaction=combined, status=review_only",True
spindep/datasets/normalized/gpgs/lepton-lepton/1agepgescombined2_m_abs.csv,1agepgescombined2_m_abs,gpgs,lepton-lepton,V1a,gepgescombined2,ee,False,gepgescombined2 (e⁻-e⁻),macroscopic,g,"gpgs combined envelope curve; upstream marks it interaction=combined, status=review_only",True
spindep/datasets/normalized/gpgs/lepton-lepton/1agepgescombined3_m_abs.csv,1agepgescombined3_m_abs,gpgs,lepton-lepton,V1a,gepgescombined3,ee,False,gepgescombined3 (e⁻-e⁻),microscopic,g,"gpgs combined envelope curve; upstream marks it interaction=combined, status=review_only",True
spindep/datasets/normalized/gpgs/lepton-lepton/1agepgescombined4_m_abs.csv,1agepgescombined4_m_abs,gpgs,lepton-lepton,V1a,gepgescombined4,ee,False,gepgescombined4 (e⁻-e⁻),macroscopic,g,"gpgs combined envelope curve; upstream marks it interaction=combined, status=review_only",True
spindep/datasets/normalized/gpgs/nucleon-nucleon/neutron-nucleon/1agnpgNscombined1_m_abs.csv,1agnpgNscombined1_m_abs,gpgs,nucleon-nucleon,V1a,gnpgNscombined1,nN,False,gnpgNscombined1 (n-N),microscopic,g,"gpgs combined envelope curve; upstream marks it interaction=combined, status=review_only",True
spindep/datasets/normalized/gpgs/nucleon-nucleon/neutron-nucleon/1agnpgNscombined2_m_abs.csv,1agnpgNscombined2_m_abs,gpgs,nucleon-nucleon,V1a,gnpgNscombined2,nN,False,gnpgNscombined2 (n-N),macroscopic,g,"gpgs combined envelope curve; upstream marks it interaction=combined, status=review_only",True
spindep/datasets/normalized/gpgs/nucleon-nucleon/neutron-nucleon/1agnpgNscombined3_m_abs.csv,1agnpgNscombined3_m_abs,gpgs,nucleon-nucleon,V1a,gnpgNscombined3,nN,False,gnpgNscombined3 (n-N),microscopic,g,"gpgs combined envelope curve; upstream marks it interaction=combined, status=review_only",True
spindep/datasets/normalized/gpgs/nucleon-nucleon/neutron-nucleon/1agnpgNscombined4_m_abs.csv,1agnpgNscombined4_m_abs,gpgs,nucleon-nucleon,V1a,gnpgNscombined4,nN,False,gnpgNscombined4 (n-N),macroscopic,g,"gpgs combined envelope curve; upstream marks it interaction=combined, status=review_only",True
spindep/datasets/normalized/gpgs/nucleon-nucleon/proton-nucleon/1agppgNscombined1_m_abs.csv,1agppgNscombined1_m_abs,gpgs,nucleon-nucleon,V1a,gppgNscombined1,pN,False,gppgNscombined1 (p-N),microscopic,g,"gpgs combined envelope curve; upstream marks it interaction=combined, status=review_only",True
spindep/datasets/normalized/gpgs/nucleon-nucleon/proton-nucleon/1agppgNscombined2_m_abs.csv,1agppgNscombined2_m_abs,gpgs,nucleon-nucleon,V1a,gppgNscombined2,pN,False,gppgNscombined2 (p-N),macroscopic,g,"gpgs combined envelope curve; upstream marks it interaction=combined, status=review_only",True
spindep/datasets/normalized/gpgs/nucleon-nucleon/proton-nucleon/1agppgNscombined3_m_abs.csv,1agppgNscombined3_m_abs,gpgs,nucleon-nucleon,V1a,gppgNscombined3,pN,False,gppgNscombined3 (p-N),microscopic,g,"gpgs combined envelope curve; upstream marks it interaction=combined, status=review_only",True
spindep/datasets/normalized/gpgs/nucleon-nucleon/proton-nucleon/1agppgNscombined4_m_abs.csv,1agppgNscombined4_m_abs,gpgs,nucleon-nucleon,V1a,gppgNscombined4,pN,False,gppgNscombined4 (p-N),macroscopic,g,"gpgs combined envelope curve; upstream marks it interaction=combined, status=review_only",True
